ADM2_EN,ADM2_MN,ADM2_PCODE,ADM1_EN,ADM1_MN,ADM1_PCODE,date,validOn,POINT_X,POINT_Y
Adaacag,Адаацаг,MN4804,Dundgovi,Дундговь,MN48,12/1/2016,10/19/2020,105.7057197,46.33131041
Airag,Айраг,MN4404,Dornogovi,Дорноговь,MN44,12/1/2016,10/19/2020,109.3214415,45.56861613
Alag-Erdene,Алаг-Эрдэнэ,MN6704,Khovsgol,Хөвсгөл,MN67,12/1/2016,10/19/2020,100.0823765,50.17218397
Aldarxaan,Алдархаан,MN8104,Zavkhan,Завхан,MN81,12/1/2016,10/19/2020,97.16186237,47.84306984
Altai,Алтай,MN8204,Govi-Altai,Говь-Алтай,MN82,12/1/2016,10/19/2020,95.90266943,44.1567322
Altai,Алтай,MN8304,Bayan-Olgii,Баян-Өлгий,MN83,12/1/2016,10/19/2020,89.63033064,48.18981927
Altai,Алтай,MN8404,Khovd,Ховд,MN84,12/1/2016,10/19/2020,92.5770092,45.65411791
Altanbulag,Алтанбулаг,MN4104,To'v,Төв,MN41,12/1/2016,10/19/2020,106.1361516,47.46160605
Altanbulag,Алтанбулаг,MN4304,Selenge,Сэлэнгэ,MN43,12/1/2016,10/19/2020,106.7072105,50.14654717
Altanco'gc,Алтанцөгц,MN8307,Bayan-Olgii,Баян-Өлгий,MN83,12/1/2016,10/19/2020,90.50868965,48.96376538
Altanshiree,Алтанширээ,MN4407,Dornogovi,Дорноговь,MN44,12/1/2016,10/19/2020,110.4634715,45.47472124
Arbulag,Арбулаг,MN6707,Khovsgol,Хөвсгөл,MN67,12/1/2016,10/19/2020,99.39219584,49.90180129
Argalant,Аргалант,MN4107,To'v,Төв,MN41,12/1/2016,10/19/2020,106.0799014,47.88808315
Arvaixeer,Арвайхээр,MN6201,Ovorkhangai,Өвөрхангай,MN62,12/1/2016,10/19/2020,102.7968481,46.25406221
Arxust,Архуст,MN4110,To'v,Төв,MN41,12/1/2016,10/19/2020,107.9480188,47.47250197
Asgat,Асгат,MN2204,Sukhbaatar,Сүхбаатар,MN22,12/1/2016,10/19/2020,113.9119339,46.10533042
Asgat,Асгат,MN8107,Zavkhan,Завхан,MN81,12/1/2016,10/19/2020,96.71062002,49.51963823
Baacagaan,Баацагаан,MN6404,Bayankhongor,Баянхонгор,MN64,12/1/2016,10/19/2020,99.48444707,45.6303131
Baganuur,Багануур,MN1101,Ulaanbaatar,Улаанбаатар,MN11,12/1/2016,10/19/2020,108.344191,47.82294682
Bagaxangai,Багахангай,MN1104,Ulaanbaatar,Улаанбаатар,MN11,12/1/2016,10/19/2020,107.4456899,47.3741959
Baruun-Urt,Баруун-Урт,MN2201,Sukhbaatar,Сүхбаатар,MN22,12/1/2016,10/19/2020,113.2981804,46.65691298
Baruunbayan-Ulaan,Баруунбаян-Улаан,MN6204,Ovorkhangai,Өвөрхангай,MN62,12/1/2016,10/19/2020,101.5068426,45.2193964
Baruunbu'ren,Баруунбүрэн,MN4307,Selenge,Сэлэнгэ,MN43,12/1/2016,10/19/2020,104.8345191,49.28910134
Baruunturuun,Баруунтуруун,MN8504,Uvs,Увс,MN85,12/1/2016,10/19/2020,94.86852722,49.84441166
Bat-O'lzii,Бат-Өлзий,MN6207,Ovorkhangai,Өвөрхангай,MN62,12/1/2016,10/19/2020,101.9334055,46.79078994
Batcengel,Батцэнгэл,MN6504,Arxangai,Архангай,MN65,12/1/2016,10/19/2020,101.8764924,47.87454433
Batnorov,Батноров,MN2304,Hentii,Хэнтий,MN23,12/1/2016,10/19/2020,111.4408932,47.96088471
Batshireet,Батширээт,MN2307,Hentii,Хэнтий,MN23,12/1/2016,10/19/2020,109.8130652,48.84159006
Batsu'mber,Батсүмбэр,MN4113,To'v,Төв,MN41,12/1/2016,10/19/2020,106.857577,48.4110066
Bayan,Баян,MN4116,To'v,Төв,MN41,12/1/2016,10/19/2020,107.7056695,47.13636087
Bayan-Adraga,Баян-Адарга,MN2310,Hentii,Хэнтий,MN23,12/1/2016,10/19/2020,111.2035112,48.48799459
Bayan-O'ndor,Баян-Өндөр,MN6101,Orkhon,Орхон,MN61,12/1/2016,10/19/2020,104.1115203,49.05670559
Bayan-O'ndor,Баян-Өндөр,MN6213,Ovorkhangai,Өвөрхангай,MN62,12/1/2016,10/19/2020,104.2250475,46.48563742
Bayan-O'ndor,Баян-Өндөр,MN6419,Bayankhongor,Баянхонгор,MN64,12/1/2016,10/19/2020,98.38102293,43.79129024
Bayan-O'njuul,Баян-Өнжүүл,MN4125,To'v,Төв,MN41,12/1/2016,10/19/2020,106.0286283,46.92687359
Bayan-Ovoo,Баян-Овоо,MN2316,Hentii,Хэнтий,MN23,12/1/2016,10/19/2020,112.1740723,47.87898052
Bayan-Ovoo,Баян-Овоо,MN4607,Omnogovi,Өмнөговь,MN46,12/1/2016,10/19/2020,106.0704691,42.82914099
Bayan-Ovoo,Баян-Овоо,MN6416,Bayankhongor,Баянхонгор,MN64,12/1/2016,10/19/2020,100.3160256,46.15896477
Bayan-Uul,Баян-Уул,MN2110,Dornod,Дорнод,MN21,12/1/2016,10/19/2020,112.6405217,49.06968702
Bayan-Uul,Баян-Уул,MN8207,Govi-Altai,Говь-Алтай,MN82,12/1/2016,10/19/2020,95.04854398,47.05992414
Bayan agt,Баян-Агт,MN6304,Bulgan,Булган,MN63,12/1/2016,10/19/2020,102.0988923,49.09435212
Bayanbulag,Баянбулаг,MN6407,Bayankhongor,Баянхонгор,MN64,12/1/2016,10/19/2020,98.07458517,46.85447391
Bayancagaan,Баянцагаан,MN4131,To'v,Төв,MN41,12/1/2016,10/19/2020,107.1831224,46.77148349
Bayancagaan,Баянцагаан,MN6422,Bayankhongor,Баянхонгор,MN64,12/1/2016,10/19/2020,98.98550224,45.06040959
Bayanchandmani,Баянчандмань,MN4137,To'v,Төв,MN41,12/1/2016,10/19/2020,106.2297145,48.22290367
Bayancogt,Баянцогт,MN4134,To'v,Төв,MN41,12/1/2016,10/19/2020,105.9735615,48.09377761
Bayandalai,Баяндалай,MN4604,Omnogovi,Өмнөговь,MN46,12/1/2016,10/19/2020,103.2673201,43.0957815
Bayandelger,Баяндэлгэр,MN2207,Sukhbaatar,Сүхбаатар,MN22,12/1/2016,10/19/2020,112.3394179,45.63529052
Bayandelger,Баяндэлгэр,MN4119,To'v,Төв,MN41,12/1/2016,10/19/2020,108.2513275,47.50352855
Bayandun,Баяндун,MN2104,Dornod,Дорнод,MN21,12/1/2016,10/19/2020,113.4196476,49.32074725
Bayangol,Баянгол,MN1107,Ulaanbaatar,Улаанбаатар,MN11,12/1/2016,10/19/2020,106.8162005,47.89789702
Bayangol,Баянгол,MN4310,Selenge,Сэлэнгэ,MN43,12/1/2016,10/19/2020,106.1828316,48.98984135
Bayangol,Баянгол,MN6210,Ovorkhangai,Өвөрхангай,MN62,12/1/2016,10/19/2020,103.3405428,45.78245561
Bayangovi,Баянговь,MN6410,Bayankhongor,Баянхонгор,MN64,12/1/2016,10/19/2020,100.0437484,44.67912545
Bayanjargalan,Баянжаргалан,MN4122,To'v,Төв,MN41,12/1/2016,10/19/2020,108.374081,47.07701108
Bayanjargalan,Баянжаргалан,MN4807,Dundgovi,Дундговь,MN48,12/1/2016,10/19/2020,108.0521618,45.78479757
Bayanlig,Баянлиг,MN6413,Bayankhongor,Баянхонгор,MN64,12/1/2016,10/19/2020,100.9229473,44.32216561
Bayanmo'nx,Баянмөнх,MN2313,Hentii,Хэнтий,MN23,12/1/2016,10/19/2020,109.7403403,46.89832113
Bayannuur,Баяннуур,MN6307,Bulgan,Булган,MN63,12/1/2016,10/19/2020,104.5103768,47.85548656
Bayannuur,Баяннуур,MN8310,Bayan-Olgii,Баян-Өлгий,MN83,12/1/2016,10/19/2020,90.92784174,48.89946976
Bayantal,Баянтал,MN4204,Govisumber,Говьсүмбэр,MN42,12/1/2016,10/19/2020,108.3478765,46.657223
Bayantes,Баянтэс,MN8110,Zavkhan,Завхан,MN81,12/1/2016,10/19/2020,96.2694279,49.76178877
Bayantu'men,Баянтүмэн,MN2107,Dornod,Дорнод,MN21,12/1/2016,10/19/2020,115.2742226,48.04922579
Bayanxairxan,Баянхайрхан,MN8113,Zavkhan,Завхан,MN81,12/1/2016,10/19/2020,96.28988036,49.3568938
Bayanxangai,Баянхангай,MN4128,To'v,Төв,MN41,12/1/2016,10/19/2020,105.4923313,47.91603961
Bayanxongor,Баянхонгор,MN6401,Bayankhongor,Баянхонгор,MN64,12/1/2016,10/19/2020,100.7048485,46.18886388
Bayanxutag,Баянхутаг,MN2319,Hentii,Хэнтий,MN23,12/1/2016,10/19/2020,110.9790024,47.17746709
Bayanzu'rx,Баянзүрх,MN1110,Ulaanbaatar,Улаанбаатар,MN11,12/1/2016,10/19/2020,107.1408248,47.9457848
Bayanzu'rx,Баянзүрх,MN6710,Khovsgol,Хөвсгөл,MN67,12/1/2016,10/19/2020,98.67743523,50.22912088
Biger,Бигэр,MN8210,Govi-Altai,Говь-Алтай,MN82,12/1/2016,10/19/2020,97.17294315,45.72621864
Binder,Биндэр,MN2322,Hentii,Хэнтий,MN23,12/1/2016,10/19/2020,110.6440693,48.59213705
Bo'mbogor,Бөмбөгөр,MN6428,Bayankhongor,Баянхонгор,MN64,12/1/2016,10/19/2020,99.58624362,46.25066286
Bo'xmoron,Бөхмөрөн,MN8507,Uvs,Увс,MN85,12/1/2016,10/19/2020,90.62356678,49.83692636
Bogd,Богд,MN6216,Ovorkhangai,Өвөрхангай,MN62,12/1/2016,10/19/2020,102.3050045,44.5670012
Bogd,Богд,MN6425,Bayankhongor,Баянхонгор,MN64,12/1/2016,10/19/2020,100.8427829,45.13259664
Bor-Ondor,Бор-Өндөр,MN2352,Hentii,Хэнтий,MN23,12/1/2016,10/19/2020,109.401914,46.24373065
Bornuur,Борнуур,MN4140,To'v,Төв,MN41,12/1/2016,10/19/2020,106.253962,48.49512823
Bu'rd,Бүрд,MN6219,Ovorkhangai,Өвөрхангай,MN62,12/1/2016,10/19/2020,103.8740718,47.05864459
Bu'regxangai,Бүрэгхангай,MN6313,Bulgan,Булган,MN63,12/1/2016,10/19/2020,104.0909784,48.3826058
Bu'ren,Бүрэн,MN4143,To'v,Төв,MN41,12/1/2016,10/19/2020,105.1737027,46.85821388
Bu'rentogtox,Бүрэнтогтох,MN6713,Khovsgol,Хөвсгөл,MN67,12/1/2016,10/19/2020,99.57507531,49.45847368
Bugat,Бугат,MN6310,Bulgan,Булган,MN63,12/1/2016,10/19/2020,103.4412172,49.09635965
Bugat,Бугат,MN8213,Govi-Altai,Говь-Алтай,MN82,12/1/2016,10/19/2020,94.13208062,45.23095037
Bugat,Бугат,MN8313,Bayan-Olgii,Баян-Өлгий,MN83,12/1/2016,10/19/2020,90.2105484,48.80169272
Bulgan,Булган,MN2113,Dornod,Дорнод,MN21,12/1/2016,10/19/2020,114.2057098,47.66591396
Bulgan,Булган,MN4610,Omnogovi,Өмнөговь,MN46,12/1/2016,10/19/2020,103.4709534,44.1982989
Bulgan,Булган,MN6301,Bulgan,Булган,MN63,12/1/2016,10/19/2020,103.4920267,48.82312333
Bulgan,Булган,MN6507,Arxangai,Архангай,MN65,12/1/2016,10/19/2020,101.1334794,47.16436266
Bulgan,Булган,MN8316,Bayan-Olgii,Баян-Өлгий,MN83,12/1/2016,10/19/2020,91.17763666,47.0167097
Bulgan,Булган,MN8407,Khovd,Ховд,MN84,12/1/2016,10/19/2020,91.19714556,45.91278596
Buucagaan,Бууцагаан,MN6431,Bayankhongor,Баянхонгор,MN64,12/1/2016,10/19/2020,98.81962713,46.17649018
Buyant,Буянт,MN8319,Bayan-Olgii,Баян-Өлгий,MN83,12/1/2016,10/19/2020,89.76507603,48.58830459
Buyant,Буянт,MN8410,Khovd,Ховд,MN84,12/1/2016,10/19/2020,91.9200418,47.935137
Cagaan-Ovoo,Цагаан-Овоо,MN2134,Dornod,Дорнод,MN21,12/1/2016,10/19/2020,113.2288507,48.42889099
Cagaan-U'ur,Цагаан-Үүр,MN6755,Khovsgol,Хөвсгөл,MN67,12/1/2016,10/19/2020,101.6326674,50.91727121
Cagaan-Uul,Цагаан-Уул,MN6752,Khovsgol,Хөвсгөл,MN67,12/1/2016,10/19/2020,98.57607086,49.55620895
Cagaanchuluut,Цагаанчулуут,MN8158,Zavkhan,Завхан,MN81,12/1/2016,10/19/2020,96.67915631,47.11812989
Cagaandelger,Цагаандэлгэр,MN4840,Dundgovi,Дундговь,MN48,12/1/2016,10/19/2020,107.8594704,46.38296931
Cagaannuur,Цагааннуур,MN4346,Selenge,Сэлэнгэ,MN43,12/1/2016,10/19/2020,105.2238147,50.02189653
Cagaannuur,Цагааннуур,MN6749,Khovsgol,Хөвсгөл,MN67,12/1/2016,10/19/2020,99.01278862,51.66606917
Cagaanxairxan,Цагаанхайрхан,MN8155,Zavkhan,Завхан,MN81,12/1/2016,10/19/2020,96.80093575,47.47773445
Cagaanxairxan,Цагаанхайрхан,MN8555,Uvs,Увс,MN85,12/1/2016,10/19/2020,94.21554994,49.11514663
Caxir,Цахир,MN6543,Arxangai,Архангай,MN65,12/1/2016,10/19/2020,98.6598374,47.96165931
Ceceg,Цэцэг,MN8443,Khovd,Ховд,MN84,12/1/2016,10/19/2020,93.2620708,46.35851918
Cecen-Uul,Цэцэн-Уул,MN8161,Zavkhan,Завхан,MN81,12/1/2016,10/19/2020,95.86132755,48.57978986
Cecerleg,Цэцэрлэг,MN6549,Arxangai,Архангай,MN65,12/1/2016,10/19/2020,101.1428067,48.93355368
Cecerleg,Цэцэрлэг,MN6758,Khovsgol,Хөвсгөл,MN67,12/1/2016,10/19/2020,97.68181417,49.46551869
Ceel,Цээл,MN4173,To'v,Төв,MN41,12/1/2016,10/19/2020,105.1468325,48.3861247
Ceel,Цээл,MN8243,Govi-Altai,Говь-Алтай,MN82,12/1/2016,10/19/2020,95.67763042,45.47297714
Cengel,Цэнгэл,MN8340,Bayan-Olgii,Баян-Өлгий,MN83,12/1/2016,10/19/2020,88.51733977,48.84648404
Cenxer,Цэнхэр,MN6546,Arxangai,Архангай,MN65,12/1/2016,10/19/2020,101.6889469,47.17943835
Cenxermandal,Цэнхэрмандал,MN2349,Hentii,Хэнтий,MN23,12/1/2016,10/19/2020,108.9117932,47.8320615
Chandmani,Чандмань,MN8246,Govi-Altai,Говь-Алтай,MN82,12/1/2016,10/19/2020,98.01052807,45.47955551
Chandmani,Чандмань,MN8446,Khovd,Ховд,MN84,12/1/2016,10/19/2020,92.98260957,47.75204932
Chandmani-O'ndor,Чандмань-Өндөр,MN6761,Khovsgol,Хөвсгөл,MN67,12/1/2016,10/19/2020,100.8473189,50.49572682
Chingeltei,Чингэлтэй,MN1125,Ulaanbaatar,Улаанбаатар,MN11,12/1/2016,10/19/2020,106.8822517,48.0273894
Choibalsan,Чойбалсан,MN2137,Dornod,Дорнод,MN21,12/1/2016,10/19/2020,115.491368,48.92981304
Chuluunxoroot,Чулуунхороот,MN2140,Dornod,Дорнод,MN21,12/1/2016,10/19/2020,115.0045329,49.90541287
Chuluut,Чулуут,MN6552,Arxangai,Архангай,MN65,12/1/2016,10/19/2020,100.1726633,47.50912623
Cogt,Цогт,MN8240,Govi-Altai,Говь-Алтай,MN82,12/1/2016,10/19/2020,96.60718488,44.50868996
Cogt-Cecii,Цогтцэций,MN4643,Omnogovi,Өмнөговь,MN46,12/1/2016,10/19/2020,105.8787194,43.7719869
Cogt-Ovoo,Цогт-Овоо,MN4640,Omnogovi,Өмнөговь,MN46,12/1/2016,10/19/2020,105.1157328,44.34230637
Dadal,Дадал,MN2328,Hentii,Хэнтий,MN23,12/1/2016,10/19/2020,111.5105902,49.09030914
Dalanjargalan,Даланжаргалан,MN4410,Dornogovi,Дорноговь,MN44,12/1/2016,10/19/2020,108.9603062,45.99463733
Dalanzadgad,Даланзадгад,MN4601,Omnogovi,Өмнөговь,MN46,12/1/2016,10/19/2020,104.4286986,43.57489949
Dariganga,Дарьганга,MN2210,Sukhbaatar,Сүхбаатар,MN22,12/1/2016,10/19/2020,114.1303053,45.4437099
Darvi,Дарви,MN8413,Khovd,Ховд,MN84,12/1/2016,10/19/2020,93.67152121,47.02041313
Darvi,Дарив,MN8216,Govi-Altai,Говь-Алтай,MN82,12/1/2016,10/19/2020,94.30283761,46.50871768
Darxan,Дархан,MN2331,Hentii,Хэнтий,MN23,12/1/2016,10/19/2020,109.4785621,46.53556203
Darxan,Дархан,MN4501,Darkhan-Uul,Дархан-Уул,MN45,12/1/2016,10/19/2020,105.952531,49.47264096
Dashbalbar,Дашбалбар,MN2119,Dornod,Дорнод,MN21,12/1/2016,10/19/2020,114.2282884,49.6699428
Dashinchilen,Дашинчилэн,MN6319,Bulgan,Булган,MN63,12/1/2016,10/19/2020,104.1024851,47.78850641
Davst,Давст,MN8510,Uvs,Увс,MN85,12/1/2016,10/19/2020,92.62423822,50.43352736
Delger,Дэлгэр,MN8219,Govi-Altai,Говь-Алтай,MN82,12/1/2016,10/19/2020,97.52162931,46.19075987
Delgercogt,Дэлгэрцогт,MN4819,Dundgovi,Дундговь,MN48,12/1/2016,10/19/2020,106.2497962,46.27133676
Delgerex,Дэлгэрэх,MN4413,Dornogovi,Дорноговь,MN44,12/1/2016,10/19/2020,111.3047397,45.81072975
Delgerxaan,Дэлгэрхаан,MN2334,Hentii,Хэнтий,MN23,12/1/2016,10/19/2020,108.9656099,47.27574012
Delgerxaan,Дэлгэрхаан,MN4146,To'v,Төв,MN41,12/1/2016,10/19/2020,104.6067287,46.69230737
Delgerxangai,Дэлгэрхангай,MN4816,Dundgovi,Дундговь,MN48,12/1/2016,10/19/2020,104.6637026,45.12167513
Delu'un,Дэлүүн,MN8322,Bayan-Olgii,Баян-Өлгий,MN83,12/1/2016,10/19/2020,90.62290096,47.78520609
Deren,Дэрэн,MN4822,Dundgovi,Дундговь,MN48,12/1/2016,10/19/2020,106.8003478,46.23965117
Do'rgon,Дөргөн,MN8416,Khovd,Ховд,MN84,12/1/2016,10/19/2020,92.87326431,48.31627501
Do'rvoljin,Дөрвөлжин,MN8116,Zavkhan,Завхан,MN81,12/1/2016,10/19/2020,94.09560004,47.96925726
Duut,Дуут,MN8419,Khovd,Ховд,MN84,12/1/2016,10/19/2020,91.48434005,47.50551294
Erdene,Эрдэнэ,MN4176,To'v,Төв,MN41,12/1/2016,10/19/2020,107.7443153,48.31819762
Erdene,Эрдэнэ,MN4440,Dornogovi,Дорноговь,MN44,12/1/2016,10/19/2020,111.1383429,44.22201165
Erdene,Эрдэнэ,MN8252,Govi-Altai,Говь-Алтай,MN82,12/1/2016,10/19/2020,97.44309851,44.00555966
Erdenebu'ren,Эрдэнэбүрэн,MN8449,Khovd,Ховд,MN84,12/1/2016,10/19/2020,91.19559102,48.46213255
Erdenebulgan,Эрдэнэбулган,MN6501,Arxangai,Архангай,MN65,12/1/2016,10/19/2020,101.4605674,47.48673699
Erdenebulgan,Эрдэнэбулган,MN6767,Khovsgol,Хөвсгөл,MN67,12/1/2016,10/19/2020,101.8444907,50.21052364
Erdenecagaan,Эрдэнэцагаан,MN2237,Sukhbaatar,Сүхбаатар,MN22,12/1/2016,10/19/2020,115.435097,46.04025659
Erdenecogt,Эрдэнэцогт,MN6458,Bayankhongor,Баянхонгор,MN64,12/1/2016,10/19/2020,101.0227743,46.54865886
Erdenedalai,Эрдэнэдалай,MN4843,Dundgovi,Дундговь,MN48,12/1/2016,10/19/2020,104.9562979,46.03806286
Erdenemandal,Эрдэнэмандал,MN6555,Arxangai,Архангай,MN65,12/1/2016,10/19/2020,101.4504831,48.3896211
Erdenesant,Эрдэнэсант,MN4179,To'v,Төв,MN41,12/1/2016,10/19/2020,104.4766532,47.27837879
Erdenexairxan,Эрдэнэхайрхан,MN8167,Zavkhan,Завхан,MN81,12/1/2016,10/19/2020,95.79456049,48.16003336
Galshir,Галшар,MN2325,Hentii,Хэнтий,MN23,12/1/2016,10/19/2020,110.7973349,46.55461056
Galt,Галт,MN6716,Khovsgol,Хөвсгөл,MN67,12/1/2016,10/19/2020,100.0556026,48.76749155
Galuut,Галуут,MN6434,Bayankhongor,Баянхонгор,MN64,12/1/2016,10/19/2020,100.1265666,46.75192523
Govi-Ugtaal,Говь-Угтаал,MN4810,Dundgovi,Дундговь,MN48,12/1/2016,10/19/2020,107.4664035,46.01367556
Guchin-Us,Гучин-Ус,MN6222,Ovorkhangai,Өвөрхангай,MN62,12/1/2016,10/19/2020,102.3952087,45.27445165
Gurvanbulag,Гурван булаг,MN6316,Bulgan,Булган,MN63,12/1/2016,10/19/2020,103.4227678,47.761165
Gurvanbulag,Гурванбулаг,MN6437,Bayankhongor,Баянхонгор,MN64,12/1/2016,10/19/2020,98.60260004,47.27940534
Gurvansaixan,Гурвансайхан,MN4813,Dundgovi,Дундговь,MN48,12/1/2016,10/19/2020,107.1162127,45.52274386
Gurvantes,Гурвантэс,MN4613,Omnogovi,Өмнөговь,MN46,12/1/2016,10/19/2020,100.6628171,43.29372455
Gurvanzagal,Гурванзагал,MN2116,Dornod,Дорнод,MN21,12/1/2016,10/19/2020,114.9350224,49.15475222
Herlen,Хэрлэн,MN2101,Dornod,Дорнод,MN21,12/1/2016,10/19/2020,114.5738567,48.06737586
Ider,Идэр,MN8122,Zavkhan,Завхан,MN81,12/1/2016,10/19/2020,97.55649309,48.18018025
Ix-Uul,Их-Уул,MN6722,Khovsgol,Хөвсгөл,MN67,12/1/2016,10/19/2020,101.4774256,49.53498356
Ix-Uul,Их-Уул,MN8125,Zavkhan,Завхан,MN81,12/1/2016,10/19/2020,98.83298988,48.66794114
Ix xet,Иххэт,MN4419,Dornogovi,Дорноговь,MN44,12/1/2016,10/19/2020,110.15824,46.11690264
Ixtamir,Их тамир,MN6513,Arxangai,Архангай,MN65,12/1/2016,10/19/2020,100.9628963,47.55945885
Jargalan,Жаргалан,MN8222,Govi-Altai,Говь-Алтай,MN82,12/1/2016,10/19/2020,95.88149885,47.07411178
Jargalant,Жаргалант,MN4149,To'v,Төв,MN41,12/1/2016,10/19/2020,105.7903658,48.57613867
Jargalant,Жаргалант,MN6104,Orkhon,Орхон,MN61,12/1/2016,10/19/2020,104.3882745,49.03847032
Jargalant,Жаргалант,MN6440,Bayankhongor,Баянхонгор,MN64,12/1/2016,10/19/2020,99.52311212,47.20327227
Jargalant,Жаргалант,MN6510,Arxangai,Архангай,MN65,12/1/2016,10/19/2020,100.7316113,48.66097715
Jargalant,Жаргалант,MN6719,Khovsgol,Хөвсгөл,MN67,12/1/2016,10/19/2020,99.39608816,48.54584998
Jargalant,Жаргалант,MN8401,Khovd,Ховд,MN84,12/1/2016,10/19/2020,91.64362784,48.00656585
Jargaltxaan,Жаргалтхаан,MN2337,Hentii,Хэнтий,MN23,12/1/2016,10/19/2020,109.5134721,47.48224974
Javxlant,Жавхлант,MN4316,Selenge,Сэлэнгэ,MN43,12/1/2016,10/19/2020,106.3591412,49.74310364
Jinst,Жинст,MN6443,Bayankhongor,Баянхонгор,MN64,12/1/2016,10/19/2020,100.297563,45.4092222
Lu'n,Лүн,MN4155,To'v,Төв,MN41,12/1/2016,10/19/2020,105.1567995,47.78008504
Luus,Луус,MN4825,Dundgovi,Дундговь,MN48,12/1/2016,10/19/2020,105.7876414,45.59014714
Malchin,Малчин,MN8522,Uvs,Увс,MN85,12/1/2016,10/19/2020,93.2168487,49.70472995
Mandal,Мандал,MN4322,Selenge,Сэлэнгэ,MN43,12/1/2016,10/19/2020,106.9682979,48.82750913
Mandal-Ovoo,Мандал-Овоо,MN4616,Omnogovi,Өмнөговь,MN46,12/1/2016,10/19/2020,104.0039984,44.68314101
Mandax,Мандах,MN4422,Dornogovi,Дорноговь,MN44,12/1/2016,10/19/2020,108.3759575,44.1726484
Manlai,Манлай,MN4619,Omnogovi,Өмнөговь,MN46,12/1/2016,10/19/2020,107.1288372,43.94710501
Manxan,Манхан,MN8425,Khovd,Ховд,MN84,12/1/2016,10/19/2020,92.26637246,47.38837341
Matad,Матад,MN2122,Dornod,Дорнод,MN21,12/1/2016,10/19/2020,115.8956817,47.12743605
Mo'ngonmorit,Мөнгөнморьт,MN4158,To'v,Төв,MN41,12/1/2016,10/19/2020,108.5542758,48.53591383
Mo'nxxaan,Мөнххаан,MN2213,Sukhbaatar,Сүхбаатар,MN22,12/1/2016,10/19/2020,111.8331718,47.08095806
Mo'nxxairxan,Мөнххайрхан,MN8428,Khovd,Ховд,MN84,12/1/2016,10/19/2020,91.79219505,47.01998992
Mo'ron,Мөрөн,MN2340,Hentii,Хэнтий,MN23,12/1/2016,10/19/2020,110.2419247,47.3028428
Mo'ron,Мөрөн,MN6701,Khovsgol,Хөвсгөл,MN67,12/1/2016,10/19/2020,100.1478933,49.64061182
Mo'st,Мөст,MN8431,Khovd,Ховд,MN84,12/1/2016,10/19/2020,92.59253442,46.70496214
Mogod,Могод,MN6322,Bulgan,Булган,MN63,12/1/2016,10/19/2020,102.9271556,48.28194874
Myangad,Мянгад,MN8434,Khovd,Ховд,MN84,12/1/2016,10/19/2020,91.90467239,48.5634236
Nalaix,Налайх,MN1113,Ulaanbaatar,Улаанбаатар,MN11,12/1/2016,10/19/2020,107.4204528,47.81325444
Naran,Наран,MN2216,Sukhbaatar,Сүхбаатар,MN22,12/1/2016,10/19/2020,113.5977951,45.04128685
Naranbulag,Наранбулаг,MN8525,Uvs,Увс,MN85,12/1/2016,10/19/2020,92.52149176,49.53069923
Nariinteel,Нарийнтээл,MN6231,Ovorkhangai,Өвөрхангай,MN62,12/1/2016,10/19/2020,101.5420925,45.84486021
No'mrog,Нөмрөг,MN8128,Zavkhan,Завхан,MN81,12/1/2016,10/19/2020,96.98077894,48.86982589
Nogoonnuur,Ногооннуур,MN8325,Bayan-Olgii,Баян-Өлгий,MN83,12/1/2016,10/19/2020,89.99330323,49.51735983
Nomgon,Номгон,MN4625,Omnogovi,Өмнөговь,MN46,12/1/2016,10/19/2020,105.0117677,42.41042737
Norovlin,Норовлин,MN2343,Hentii,Хэнтий,MN23,12/1/2016,10/19/2020,112.0743921,48.53713765
Noyon,Ноён,MN4622,Omnogovi,Өмнөговь,MN46,12/1/2016,10/19/2020,102.3726646,42.7771286
O'giinuur,Өгийнуур,MN6516,Arxangai,Архангай,MN65,12/1/2016,10/19/2020,102.6098519,47.72108822
O'lgii,Өлгий,MN8301,Bayan-Olgii,Баян-Өлгий,MN83,12/1/2016,10/19/2020,89.95786333,48.97887937
O'lgii,Өлгий,MN8528,Uvs,Увс,MN85,12/1/2016,10/19/2020,92.22234815,48.92417995
O'lziit,Өлзийт,MN4828,Dundgovi,Дундговь,MN48,12/1/2016,10/19/2020,106.6971659,44.79186424
O'lziit,Өлзийт,MN6234,Ovorkhangai,Өвөрхангай,MN62,12/1/2016,10/19/2020,103.3992659,46.49727967
O'lziit,Өлзийт,MN6449,Bayankhongor,Баянхонгор,MN64,12/1/2016,10/19/2020,101.0021877,45.97268634
O'lziit,Өлзийт,MN6519,Arxangai,Архангай,MN65,12/1/2016,10/19/2020,102.5105996,48.08471547
O'mnodelger,Өмнөдэлгэр,MN2346,Hentii,Хэнтий,MN23,12/1/2016,10/19/2020,109.5276966,48.17563037
O'mnogovi,Өмнөгөвь,MN8531,Uvs,Увс,MN85,12/1/2016,10/19/2020,91.61203114,49.12082698
O'ndor-Ulaan,Өндөр-Улаан,MN6522,Arxangai,Архангай,MN65,12/1/2016,10/19/2020,100.7209238,48.0482128
O'ndorshil,Өндөршил,MN4831,Dundgovi,Дундговь,MN48,12/1/2016,10/19/2020,108.1687245,45.23284259
O'ndorshireet,Өндөрширээт,MN4161,To'v,Төв,MN41,12/1/2016,10/19/2020,105.0215593,47.44041415
O'ndorxangai,Өндөрхангай,MN8534,Uvs,Увс,MN85,12/1/2016,10/19/2020,94.84679257,49.14803855
O'rgon,Өргөн,MN4425,Dornogovi,Дорноговь,MN44,12/1/2016,10/19/2020,111.1257106,45.0449525
Ongon,Онгон,MN2219,Sukhbaatar,Сүхбаатар,MN22,12/1/2016,10/19/2020,113.042679,45.39284662
Orxon,Орхон,MN4325,Selenge,Сэлэнгэ,MN43,12/1/2016,10/19/2020,105.4918857,49.01157498
Orxon,Орхон,MN4504,Darkhan-Uul,Дархан-Уул,MN45,12/1/2016,10/19/2020,105.9313192,49.62447872
Orxon,Орхон,MN6325,Bulgan,Булган,MN63,12/1/2016,10/19/2020,103.7311039,48.74276907
Orxontuul,Орхонтуул,MN4328,Selenge,Сэлэнгэ,MN43,12/1/2016,10/19/2020,105.0032246,48.78690352
Otgon,Отгон,MN8131,Zavkhan,Завхан,MN81,12/1/2016,10/19/2020,97.88567925,47.56112502
Rashaant,Рашаант,MN6328,Bulgan,Булган,MN63,12/1/2016,10/19/2020,103.8824027,47.40749746
Rashaant,Рашаант,MN6725,Khovsgol,Хөвсгөл,MN67,12/1/2016,10/19/2020,101.2705597,49.18053317
Renchinlxu'mbe,Рэнчинлхүмбэ,MN6728,Khovsgol,Хөвсгөл,MN67,12/1/2016,10/19/2020,99.72962811,51.18448104
Sagil,Сагил,MN8537,Uvs,Увс,MN85,12/1/2016,10/19/2020,91.27191821,50.28520898
Sagsai,Сагсай,MN8328,Bayan-Olgii,Баян-Өлгий,MN83,12/1/2016,10/19/2020,88.94635643,48.29325558
Sainshand,Сайншанд,MN4401,Dornogovi,Дорноговь,MN44,12/1/2016,10/19/2020,109.938962,44.60777694
Saintsagaan,Сайнцагаан,MN4801,Dundgovi,Дундговь,MN48,12/1/2016,10/19/2020,106.2893498,45.76850389
Saixan,Сайхан,MN4331,Selenge,Сэлэнгэ,MN43,12/1/2016,10/19/2020,105.7185531,49.31442079
Saixan,Сайхан,MN6331,Bulgan,Булган,MN63,12/1/2016,10/19/2020,102.5382604,48.66345578
Saixan-Ovoo,Сайхан-Овоо,MN4834,Dundgovi,Дундговь,MN48,12/1/2016,10/19/2020,104.0944496,45.55317426
Saixandulaan,Сайхандулаан,MN4428,Dornogovi,Дорноговь,MN44,12/1/2016,10/19/2020,109.2351228,44.83851033
Sant,Сант,MN4334,Selenge,Сэлэнгэ,MN43,12/1/2016,10/19/2020,105.3404877,49.38686655
Sant,Сант,MN6237,Ovorkhangai,Өвөрхангай,MN62,12/1/2016,10/19/2020,103.8310384,46.02265164
Santmargac,Сантмаргац,MN8134,Zavkhan,Завхан,MN81,12/1/2016,10/19/2020,95.1407692,48.57840348
Selenge,Сэлэнгэ,MN6334,Bulgan,Булган,MN63,12/1/2016,10/19/2020,104.1741168,49.71182118
Sergelen,Сэргэлэн,MN2125,Dornod,Дорнод,MN21,12/1/2016,10/19/2020,114.1075039,48.63554875
Sergelen,Сэргэлэн,MN4167,To'v,Төв,MN41,12/1/2016,10/19/2020,107.0189648,47.41541194
Sevrei,Сэврэй,MN4628,Omnogovi,Өмнөговь,MN46,12/1/2016,10/19/2020,102.3998644,43.77122256
Shaamar,Шаамар,MN4349,Selenge,Сэлэнгэ,MN43,12/1/2016,10/19/2020,106.2432638,50.04116594
Sharga,Шарга,MN8249,Govi-Altai,Говь-Алтай,MN82,12/1/2016,10/19/2020,95.26593565,46.4838659
Sharyngol,Шарын гол,MN4510,Darkhan-Uul,Дархан-Уул,MN45,12/1/2016,10/19/2020,106.4610251,49.22894428
Shilu'ustei,Шилүүстэй,MN8164,Zavkhan,Завхан,MN81,12/1/2016,10/19/2020,97.1947725,46.93257609
Shine-Ider,Шинэ-Идэр,MN6764,Khovsgol,Хөвсгөл,MN67,12/1/2016,10/19/2020,99.51252419,49.03569853
Shinejinst,Шинэжинст,MN6455,Bayankhongor,Баянхонгор,MN64,12/1/2016,10/19/2020,99.20034743,43.69393219
Shiveegovi,Шивээговь,MN4207,Govisumber,Говьсүмбэр,MN42,12/1/2016,10/19/2020,108.5163078,46.06056171
Songino,Сонгино,MN8137,Zavkhan,Завхан,MN81,12/1/2016,10/19/2020,95.84204611,48.98838165
Songinoxairxan,Сонгинохайрхан,MN1116,Ulaanbaatar,Улаанбаатар,MN11,12/1/2016,10/19/2020,106.6438734,48.06867605
Su'mber,Сүмбэр,MN4164,To'v,Төв,MN41,12/1/2016,10/19/2020,105.8417683,48.83510374
Su'mber,Сүмбэр,MN4201,Govisumber,Говьсүмбэр,MN42,12/1/2016,10/19/2020,108.6503863,46.51071517
Su'xbaatar,Сүхбаатар,MN1119,Ulaanbaatar,Улаанбаатар,MN11,12/1/2016,10/19/2020,106.9506476,48.07974223
Su'xbaatar,Сүхбаатар,MN2222,Sukhbaatar,Сүхбаатар,MN22,12/1/2016,10/19/2020,113.7739009,46.95564901
Su'xbaatar,Сүхбаатар,MN4301,Selenge,Сэлэнгэ,MN43,12/1/2016,10/19/2020,106.2182341,50.22056932
Taishir,Тайшир,MN8225,Govi-Altai,Говь-Алтай,MN82,12/1/2016,10/19/2020,96.48055231,46.5907439
Taragt,Тарагт,MN6240,Ovorkhangai,Өвөрхангай,MN62,12/1/2016,10/19/2020,102.7085991,46.09264698
Tarialan,Тариалан,MN6731,Khovsgol,Хөвсгөл,MN67,12/1/2016,10/19/2020,102.0856941,49.67161702
Tarialan,Тариалан,MN8540,Uvs,Увс,MN85,12/1/2016,10/19/2020,91.86275785,49.74713262
Tariat,Тариат,MN6525,Arxangai,Архангай,MN65,12/1/2016,10/19/2020,99.85879683,48.22156964
Telmen,Тэлмэн,MN8146,Zavkhan,Завхан,MN81,12/1/2016,10/19/2020,97.57588559,48.78580132
Tes,Тэс,MN8149,Zavkhan,Завхан,MN81,12/1/2016,10/19/2020,95.59495243,49.61131486
Tes,Тэс,MN8546,Uvs,Увс,MN85,12/1/2016,10/19/2020,93.63632804,50.43573245
Teshig,Тэшиг,MN6337,Bulgan,Булган,MN63,12/1/2016,10/19/2020,103.0787734,50.00061543
To'grog,Төгрөг,MN6243,Ovorkhangai,Өвөрхангай,MN62,12/1/2016,10/19/2020,103.1618348,45.2708399
To'grog,Төгрөг,MN8231,Govi-Altai,Говь-Алтай,MN82,12/1/2016,10/19/2020,94.85209938,45.82081763
To'morbulag,Төмөрбулаг,MN6737,Khovsgol,Хөвсгөл,MN67,12/1/2016,10/19/2020,100.2072506,49.27118324
To'vshru'ulex,Төвшрүүлэх,MN6528,Arxangai,Архангай,MN65,12/1/2016,10/19/2020,102.0642281,47.38512765
Tolbo,Толбо,MN8331,Bayan-Olgii,Баян-Өлгий,MN83,12/1/2016,10/19/2020,90.37070152,48.3973593
Tonkhil,Тонхил,MN8228,Govi-Altai,Говь-Алтай,MN82,12/1/2016,10/19/2020,93.68340409,45.86250101
Tosoncengel,Тосонцэнгэл,MN6734,Khovsgol,Хөвсгөл,MN67,12/1/2016,10/19/2020,100.8831282,49.51364376
Tosoncengel,Тосонцэнгэл,MN8140,Zavkhan,Завхан,MN81,12/1/2016,10/19/2020,98.23446159,48.54608551
Tu'devtei,Түдэвтэй,MN8143,Zavkhan,Завхан,MN81,12/1/2016,10/19/2020,96.47111503,48.94698454
Tu'mencogt,Түмэнцогт,MN2228,Sukhbaatar,Сүхбаатар,MN22,12/1/2016,10/19/2020,112.4109072,47.55369254
Tu'nel,Түнэл,MN6740,Khovsgol,Хөвсгөл,MN67,12/1/2016,10/19/2020,100.7105312,49.88827805
Tu'rgen,Түргэн,MN8543,Uvs,Увс,MN85,12/1/2016,10/19/2020,91.51489638,50.02615289
Tu'shig,Түшиг,MN4337,Selenge,Сэлэнгэ,MN43,12/1/2016,10/19/2020,104.8551296,50.24592928
Tu'vshinshiree,Түвшинширээ,MN2225,Sukhbaatar,Сүхбаатар,MN22,12/1/2016,10/19/2020,111.6928046,46.31977364
U'yench,Үенч,MN8437,Khovd,Ховд,MN84,12/1/2016,10/19/2020,92.05999374,46.20155142
Ugtaalcaidam,Угтаалцайдам,MN4170,To'v,Төв,MN41,12/1/2016,10/19/2020,105.3967998,48.18474173
Ulaan uul,Улаан-Уул,MN6743,Khovsgol,Хөвсгөл,MN67,12/1/2016,10/19/2020,98.73294089,50.88117437
Ulaanbadrax,Улаанбадрах,MN4431,Dornogovi,Дорноговь,MN44,12/1/2016,10/19/2020,110.2782963,43.90069703
Ulaangom,Улаангом,MN8501,Uvs,Увс,MN85,12/1/2016,10/19/2020,92.08184033,50.34421863
Ulaanxus,Улаанхус,MN8334,Bayan-Olgii,Баян-Өлгий,MN83,12/1/2016,10/19/2020,89.33168453,49.09703308
Uliastai,Улиастай,MN8101,Zavkhan,Завхан,MN81,12/1/2016,10/19/2020,96.85415253,47.74200408
Urgamal,Ургамал,MN8152,Zavkhan,Завхан,MN81,12/1/2016,10/19/2020,94.2108494,48.50875222
Uulbayan,Уулбаян,MN2231,Sukhbaatar,Сүхбаатар,MN22,12/1/2016,10/19/2020,112.3894816,46.57033776
Uyanga,Уянга,MN6246,Ovorkhangai,Өвөрхангай,MN62,12/1/2016,10/19/2020,101.7090282,46.37826557
Xairxan,Хайрхан,MN6531,Arxangai,Архангай,MN65,12/1/2016,10/19/2020,101.969799,48.56001797
Xairxandulaan,Хайрхандулаан,MN6249,Ovorkhangai,Өвөрхангай,MN62,12/1/2016,10/19/2020,102.0878385,45.84751885
Xaliun,Халиун,MN8234,Govi-Altai,Говь-Алтай,MN82,12/1/2016,10/19/2020,96.03865242,45.93326406
Xalx gol,Халхгол,MN2128,Dornod,Дорнод,MN21,12/1/2016,10/19/2020,118.1986093,47.19636086
Xalzan,Халзан,MN2234,Sukhbaatar,Сүхбаатар,MN22,12/1/2016,10/19/2020,113.0006933,46.27809924
Xan-Uul,Хан-Уул,MN1122,Ulaanbaatar,Улаанбаатар,MN11,12/1/2016,10/19/2020,106.7381623,47.80518993
Xanbogd,Ханбогд,MN4631,Omnogovi,Өмнөговь,MN46,12/1/2016,10/19/2020,107.2989612,42.93210443
Xangai,Хангай,MN6534,Arxangai,Архангай,MN65,12/1/2016,10/19/2020,99.37778798,47.76657433
Xangal,Хангал,MN6340,Bulgan,Булган,MN63,12/1/2016,10/19/2020,104.3976591,49.35944412
Xanx,Ханх,MN6746,Khovsgol,Хөвсгөл,MN67,12/1/2016,10/19/2020,100.5977438,51.24694
Xanxongor,Ханхонгор,MN4634,Omnogovi,Өмнөговь,MN46,12/1/2016,10/19/2020,104.9987783,43.5723242
Xarxorin,Хархорин,MN6252,Ovorkhangai,Өвөрхангай,MN62,12/1/2016,10/19/2020,102.9991849,47.12948184
Xashaat,Хашаат,MN6537,Arxangai,Архангай,MN65,12/1/2016,10/19/2020,103.1679487,47.43718701
Xatanbulag,Хатанбулаг,MN4434,Dornogovi,Дорноговь,MN44,12/1/2016,10/19/2020,109.007689,42.96856963
Xerlen,Хэрлэн,MN2301,Hentii,Хэнтий,MN23,12/1/2016,10/19/2020,110.7412024,47.6409102
Xishig-O'ndor,Хишиг-өндөр,MN6343,Bulgan,Булган,MN63,12/1/2016,10/19/2020,103.5100732,48.20362319
Xo'lonbuir,Хөлөнбуйр,MN2131,Dornod,Дорнод,MN21,12/1/2016,10/19/2020,113.0389675,47.87226349
Xo'vsgol,Хөвсгөл,MN4437,Dornogovi,Дорноговь,MN44,12/1/2016,10/19/2020,109.9014804,43.44678618
Xo'xmorit,Хөхморьт,MN8237,Govi-Altai,Говь-Алтай,MN82,12/1/2016,10/19/2020,94.37441659,47.42789352
Xongor,Хонгор,MN4507,Darkhan-Uul,Дархан-Уул,MN45,12/1/2016,10/19/2020,106.3298653,49.37127731
Xotont,Хотонт,MN6540,Arxangai,Архангай,MN65,12/1/2016,10/19/2020,102.3966467,47.26015939
Xovd,Ховд,MN8440,Khovd,Ховд,MN84,12/1/2016,10/19/2020,91.31680222,48.09810421
Xovd,Ховд,MN8549,Uvs,Увс,MN85,12/1/2016,10/19/2020,91.05662935,49.40603276
Xu'der,Хүдэр,MN4340,Selenge,Сэлэнгэ,MN43,12/1/2016,10/19/2020,107.5950146,49.73409428
Xu'reemaral,Хүрээмарал,MN6452,Bayankhongor,Баянхонгор,MN64,12/1/2016,10/19/2020,98.32245667,46.47887378
Xu'rmen,Хүрмэн,MN4637,Omnogovi,Өмнөговь,MN46,12/1/2016,10/19/2020,103.82962,42.52902232
Xujirt,Хужирт,MN6255,Ovorkhangai,Өвөрхангай,MN62,12/1/2016,10/19/2020,102.8032582,46.85880617
Xuld,Хулд,MN4837,Dundgovi,Дундговь,MN48,12/1/2016,10/19/2020,105.5014678,45.11178197
Xushaat,Хушаат,MN4343,Selenge,Сэлэнгэ,MN43,12/1/2016,10/19/2020,105.6465292,49.70884274
Xutag-O'ndor,Хутаг-Өндөр,MN6346,Bulgan,Булган,MN63,12/1/2016,10/19/2020,102.9293762,49.38702296
Xyargas,Хяргас,MN8552,Uvs,Увс,MN85,12/1/2016,10/19/2020,93.84437583,49.53990754
Yaruu,Яруу,MN8170,Zavkhan,Завхан,MN81,12/1/2016,10/19/2020,96.68430138,48.25662981
Yero'o,Ерөө,MN4313,Selenge,Сэлэнгэ,MN43,12/1/2016,10/19/2020,107.5257488,49.25145516
Yeso'nbulag,Есөнбулаг,MN8201,Govi-Altai,Говь-Алтай,MN82,12/1/2016,10/19/2020,96.08443928,46.28478877
Yeso'nzu'il,Есөн зүйл,MN6225,Ovorkhangai,Өвөрхангай,MN62,12/1/2016,10/19/2020,103.7098439,46.60905868
Zaamar,Заамар,MN4152,To'v,Төв,MN41,12/1/2016,10/19/2020,104.6994563,48.2575841
Zag,Заг,MN6446,Bayankhongor,Баянхонгор,MN64,12/1/2016,10/19/2020,99.15827942,46.89497554
Zamyn U'ud,Замын-Үүд,MN4416,Dornogovi,Дорноговь,MN44,12/1/2016,10/19/2020,111.8314464,43.80072764
Zavxan,Завхан,MN8513,Uvs,Увс,MN85,12/1/2016,10/19/2020,93.20575102,48.90642919
Zavxanmandal,Завханмандал,MN8119,Zavkhan,Завхан,MN81,12/1/2016,10/19/2020,94.8984998,48.15651373
Zereg,Зэрэг,MN8422,Khovd,Ховд,MN84,12/1/2016,10/19/2020,92.85192955,47.12808108
Zu'unbayan-Ulaan,Зүүнбаян-Улаан,MN6228,Ovorkhangai,Өвөрхангай,MN62,12/1/2016,10/19/2020,102.8254051,46.57998982
Zu'unburen,Зүүнбүрэн,MN4319,Selenge,Сэлэнгэ,MN43,12/1/2016,10/19/2020,105.9313777,49.9600521
Zu'ungovi,Зүүнговь,MN8516,Uvs,Увс,MN85,12/1/2016,10/19/2020,93.99085366,50.07972287
Zu'unxangai,Зүүнхангай,MN8519,Uvs,Увс,MN85,12/1/2016,10/19/2020,95.35362726,49.26225146
Zuunmod,Зуунмод,MN4101,To'v,Төв,MN41,12/1/2016,10/19/2020,106.9447303,47.70210221
